IBPR - IDENTIFIKASI BAHAYA DAN PENILAIAN RISIKO (HIRARC),,,,,,,,,,,,,,,,
Sesuai PP No. 50 Tahun 2012 tentang Penerapan SMK3,,,,,,,,,,,,,,,,
Dibuat oleh: Wahana Totalita Konsultan - wahanatotalita.com/tools/ibpr-generator,,,,,,,,,,,,,,,,
,,,,,,,,,,,,,,,,,
INFORMASI DOKUMEN,,,,,,,,,,,,,,,,,
Nama Proyek/Unit:,[nama proyek],,,,,,,,,,,,,,,
Nomor Dokumen:,[IBPR-K3-YYYY-001],,,,,,,,,,,,,,,
Departemen:,[nama departemen],Tanggal:,[tanggal],,,,,,,,,,,
Dibuat Oleh:,[nama],Disetujui Oleh:,[nama HSE Manager],,,,,,,,,,,
,,,,,,,,,,,,,,,,,
TABEL IBPR / HIRARC,,,,,,,,,,,,,,,,,
No,Aktivitas / Proses,Identifikasi Bahaya,Risiko / Konsekuensi,Kontrol Saat Ini,L (Awal),S (Awal),Score Awal,Level Awal,Tindakan Pengendalian Tambahan,L (Sisa),S (Sisa),Score Sisa,Level Sisa,PIC,Target Selesai,Status
1,[aktivitas/proses],[identifikasi bahaya],[risiko/konsekuensi],[kontrol existing],3,3,9,Medium,[tindakan tambahan],2,2,4,Low,[nama PIC],[tanggal target],[Open/Closed]
2,[aktivitas/proses],[identifikasi bahaya],[risiko/konsekuensi],[kontrol existing],4,4,16,High,[tindakan tambahan],2,3,6,Medium,[nama PIC],[tanggal target],[Open/Closed]
3,[aktivitas/proses],[identifikasi bahaya],[risiko/konsekuensi],[kontrol existing],2,3,6,Medium,[tindakan tambahan],1,2,2,Low,[nama PIC],[tanggal target],[Open/Closed]
4,[aktivitas/proses],[identifikasi bahaya],[risiko/konsekuensi],[kontrol existing],5,5,25,Extreme,[tindakan tambahan],2,3,6,Medium,[nama PIC],[tanggal target],[Open/Closed]
5,[tambah baris],[...],[...],[...],[...],[...],[...],[...],[...],[...],[...],[...],[...],[...],[...],[...]
,,,,,,,,,,,,,,,,,
SKALA LIKELIHOOD (KEMUNGKINAN TERJADI),,,,,,,,,,,,,,,,,
Nilai,Deskripsi,Frekuensi Kejadian,,,,,,,,,,,,,,
1,Rare (Sangat Jarang),"Mungkin terjadi sekali dalam 10 tahun atau lebih",,,,,,,,,,,,,,
2,Unlikely (Kecil Kemungkinan),"Mungkin terjadi sekali dalam 1-10 tahun",,,,,,,,,,,,,,
3,Possible (Mungkin),"Mungkin terjadi sekali dalam 1 tahun",,,,,,,,,,,,,,
4,Likely (Kemungkinan Besar),"Mungkin terjadi beberapa kali dalam 1 tahun",,,,,,,,,,,,,,
5,Almost Certain (Hampir Pasti),"Terjadi lebih dari sekali dalam sebulan",,,,,,,,,,,,,,
,,,,,,,,,,,,,,,,,
SKALA SEVERITY (KEPARAHAN / KONSEKUENSI),,,,,,,,,,,,,,,,,
Nilai,Deskripsi,Dampak pada Manusia,Dampak Lingkungan,Dampak Aset,,,,,,,,,,,
1,Insignificant (Tidak Signifikan),Tidak ada cedera / P3K minor,Dampak minimal,< Rp 1 juta,,,,,,,,,,,
2,Minor (Ringan),Cedera ringan / FAC,Dampak kecil - dapat pulih,Rp 1-10 juta,,,,,,,,,,,
3,Moderate (Sedang),LTI - kehilangan hari kerja,Dampak sedang - perlu pemulihan,Rp 10-100 juta,,,,,,,,,,,
4,Major (Besar),Cacat permanen,Dampak signifikan - memerlukan upaya besar,Rp 100 juta - 1 miliar,,,,,,,,,,,
5,Catastrophic (Katastropik),Kematian / beberapa LTI,Dampak bencana - tidak dapat pulih penuh,> Rp 1 miliar,,,,,,,,,,,
,,,,,,,,,,,,,,,,,
MATRIKS RISIKO (SCORE = LIKELIHOOD x SEVERITY),,,,,,,,,,,,,,,,,
Score,Level Risiko,Warna,Tindakan yang Diperlukan,,,,,,,,,,,,,
1-4,Low (Rendah),Hijau,"Kelola dengan prosedur standar, review tahunan",,,,,,,,,,,,,,
5-9,Medium (Sedang),Kuning,"Buat rencana aksi dalam 30 hari, laporan ke HSE",,,,,,,,,,,,,,
10-16,High (Tinggi),Oranye,"Tindakan segera dalam 7 hari, wajib PTW, lapor Management",,,,,,,,,,,,,,
17-25,Extreme (Ekstrem),Merah,"HENTIKAN PEKERJAAN - tindakan segera, sign-off Management",,,,,,,,,,,,,,
,,,,,,,,,,,,,,,,,
"Template ini dibuat gratis oleh Wahana Totalita Konsultan - wahanatotalita.com",,,,,,,,,,,,,,,,
"Pelatihan K3 Umum KEMNAKER RI - Ahli K3 Umum, HSE Officer, Safety Auditor",,,,,,,,,,,,,,,,
"Konsultasi: wa.me/6281235036420",,,,,,,,,,,,,,,,
