judul,slug,meta_desc,meta_title,keywords,kategori,konten,faq_1_q,faq_1_a,faq_2_q,faq_2_a,faq_3_q,faq_3_a,author,thumbnail
"Biaya Pelatihan Ahli K3 Umum Kemnaker RI 2026: Rincian Lengkap & Fasilitas",biaya-pelatihan-ahli-k3-umum-kemnaker-2026,"Rincian biaya pelatihan Ahli K3 Umum Kemnaker RI 2026 resmi. Informasi biaya online Zoom, tatap muka, fasilitas, dan jadwal pendaftaran batch terdekat.","Biaya Pelatihan Ahli K3 Umum Kemnaker RI 2026 | Wahana Totalita","biaya ahli k3 umum, biaya pelatihan k3 umum kemnaker, harga kursus ahli k3 umum, biaya sertifikasi k3 2026",K3,"<h2>Berapa Biaya Pelatihan Ahli K3 Umum Kemnaker RI Tahun 2026?</h2>
<p>Pertanyaan yang paling sering diajukan calon peserta pembinaan Ahli K3 Umum (AK3U) Kemnaker RI adalah mengenai <strong>total biaya investasi pelatihan</strong> dan rincian fasilitas yang didapatkan. Di tahun 2026, biaya pelatihan Ahli K3 Umum bersertifikasi resmi Kementerian Ketenagakerjaan RI berkisar antara <strong>Rp 4.500.000 hingga Rp 7.500.000</strong>, tergantung pada metode pelaksanaan yang Anda pilih (Online Blended Learning via Zoom atau Offline Tatap Muka di Yogyakarta).</p>

<h2>Komparasi Biaya: Online Blended vs Offline Tatap Muka</h2>
<p>Berikut adalah perbandingan estimasi investasi dan fasilitas antara kelas Online dan Tatap Muka:</p>
<table>
<thead><tr><th>Komponen Layanan</th><th>Kelas Online Blended (Zoom)</th><th>Kelas Tatap Muka (Offline Jogja)</th></tr></thead>
<tbody>
<tr><td><strong>Investasi Biaya</strong></td><td>Rp 4.500.000 – Rp 5.800.000</td><td>Rp 6.800.000 – Rp 8.000.000</td></tr>
<tr><td><strong>Durasi Pelatihan</strong></td><td>12 Hari Kerja (120 Jam Pelajaran)</td><td>12 Hari Kerja (120 Jam Pelajaran)</td></tr>
<tr><td><strong>Media Belajar</strong></td><td>Zoom Meeting Interaktif + LMS</td><td>Ruang Kelas Ber-AC & Hotel Bintang</td></tr>
<tr><td><strong>Praktik Lapangan (PKL)</strong></td><td>Observasi Virtual / Daring Industri</td><td>Kunjungan Lapangan Langsung Pabrik</td></tr>
<tr><td><strong>Legalitas Diterbitkan</strong></td><td>Sertifikat Kemnaker + SKP + Lisensi</td><td>Sertifikat Kemnaker + SKP + Lisensi</td></tr>
</tbody>
</table>

<h2>Fasilitas All-In yang Didapatkan Peserta</h2>
<p>Saat mendaftar di PJK3 resmi seperti <strong>Wahana Totalita Konsultan</strong>, biaya pelatihan yang dibayarkan sudah bersifat <em>All-In</em> tanpa pungutan tersembunyi:</p>
<ul>
<li><strong>Sertifikat Resmi Kemnaker RI</strong> berstandar nasional dan teregistrasi online di Teman K3.</li>
<li><strong>Surat Keputusan Penunjukan (SKP)</strong> dan Kartu Lisensi Kewenangan Ahli K3 Umum (bagi utusan perusahaan).</li>
<li><strong>Modul Pelatihan Lengkap</strong> berupa buku pedoman K3 cetak / e-book dan himpunan peraturan perundang-undangan K3 RI.</li>
<li><strong>Seminar Kit Eksklusif</strong>, notebook, pulpen, dan tas ransel resmi.</li>
<li><strong>Kemeja Seragam Lapangan / Polo Shirt K3</strong> Wahana Totalita Konsultan.</li>
<li><strong>Bimbingan Pembuatan Laporan PKL</strong> dan pendampingan ujian seminar oleh instruktur senior berlisensi.</li>
</ul>

<h2>Apakah Ada Skema Cicilan atau Diskon Perusahaan?</h2>
<p>Wahana Totalita Konsultan menyediakan beberapa opsi keringanan:</p>
<ul>
<li><strong>Early Bird Discount:</strong> Potongan harga khusus bagi peserta yang melakukan konfirmasi registrasi H-14 sebelum pembukaan batch.</li>
<li><strong>Corporate Group Package:</strong> Penawaran khusus untuk pengiriman rombongan karyawan minimal 3 orang dari satu perusahaan.</li>
<li><strong>Sistem Pembayaran Bertahap:</strong> Uang muka (DP) ringan untuk mengunci kuota kursi, dengan pelunasan sebelum ujian evaluasi dimulai.</li>
</ul>

<h2>Langkah Pendaftaran Batch Terdekat</h2>
<p>Kuota kelas pembinaan Ahli K3 Umum dibatasi oleh regulasi Kemnaker maksimal 30 peserta per batch guna menjaga mutu bimbingan evaluasi. Untuk mengamankan kursi batch bulan ini, silakan kirimkan berkas KTP dan Ijazah minimal D3 ke admin pendaftaran kami.</p>","Apakah biaya pelatihan Ahli K3 Umum bisa dicicil?","Ya, peserta perseorangan dapat membayar uang muka (DP) terlebih dahulu untuk mengunci kuota batch, dan sisa pelunasan dapat diselesaikan sebelum jadwal seminar evaluasi dimulai.","Apa perbedaan sertifikat untuk Fresh Graduate dan Utusan Perusahaan?","Fresh Graduate (perseorangan) akan mendapatkan Sertifikat Calon Ahli K3 Umum dari Kemnaker RI. Setelah bekerja di perusahaan, sertifikat tersebut langsung dapat diajukan penerbitan SKP dan Kartu Lisensi Ahli K3 Umum.","Apakah biaya pelatihan sudah termasuk biaya ujian Kemnaker?","Ya, biaya di Wahana Totalita sudah All-In termasuk biaya registrasi Kemnaker RI, modul, ujian teori daring, bimbingan PKL, dan pengiriman dokumen fisik ke alamat peserta.","Wahana Totalita Konsultan",
"Syarat Mengikuti Pembinaan Ahli K3 Umum Kemnaker RI: Apakah D3/S1 Non-Teknik Bisa?",syarat-ahli-k3-umum-kemnaker-non-teknik,"Penjelasan resmi syarat pendidikan Ahli K3 Umum Kemnaker RI. Apakah lulusan D3/S1 non-teknik seperti Manajemen, Hukum, dan Ekonomi bisa mendaftar? Simak aturannya.","Syarat Ahli K3 Umum Kemnaker RI: Apakah Non-Teknik Bisa Ikut? | Wahana Totalita","syarat ahli k3 umum, ahli k3 umum non teknik, syarat ak3u kemnaker, pendidikan minimal ahli k3 umum",K3,"<h2>Apakah Lulusan Non-Teknik Bisa Mengikuti Pelatihan Ahli K3 Umum?</h2>
<p>Banyak calon peserta bertanya: <em>""Saya lulusan S1 Manajemen / Ekonomi / Hukum, apakah bisa ikut pelatihan dan sertifikasi Ahli K3 Umum Kemnaker RI?""</em> Jawabannya adalah <strong>BISA</strong>. Regulasi resmi Kementerian Ketenagakerjaan RI tidak mewajibkan latar belakang teknik untuk program pembinaan Ahli K3 Umum tingkat dasar.</p>

<h2>Dasar Hukum Persyaratan Pendidikan Calon Ahli K3</h2>
<p>Berdasarkan <strong>Peraturan Menteri Tenaga Kerja No. PER.02/MEN/1992</strong> tentang Tata Cara Penunjukan, Kewajiban, dan Wewenang Ahli Keselamatan dan Kesehatan Kerja, persyaratan kualifikasi pendidikan untuk menjadi Ahli K3 Umum adalah:</p>
<ul>
<li><strong>Sarjana (S1):</strong> Semua jurusan (baik Teknik maupun Non-Teknik) dengan pengalaman kerja minimal 2 tahun (atau fresh graduate untuk sertifikat pembinaan calon AK3U).</li>
<li><strong>Sarjana Muda / Diploma III (D3):</strong> Semua jurusan dengan pengalaman kerja minimal 4 tahun (atau fresh graduate).</li>
</ul>
<p>Artinya, lulusan Ilmu Komunikasi, Akuntansi, Psikologi, Manajemen, Kesehatan Masyarakat, maupun Sastra memiliki hak yang sama secara legal untuk mengikuti pembinaan dan memperoleh sertifikat Ahli K3 Umum Kemnaker RI.</p>

<h2>Berkas Administrasi yang Wajib Disiapkan</h2>
<p>Untuk memproses pendaftaran akun di portal Teman K3 Kemnaker RI, siapkan dokumen berikut dalam format digital (scan PDF/JPG):</p>
<ol>
<li>Scan Ijazah Asli minimal D3 atau S1 (Surat Keterangan Lulus / SKL sementara bisa digunakan jika ijazah belum terbit).</li>
<li>Scan Transkrip Nilai Akademik.</li>
<li>Scan Kartu Tanda Penduduk (KTP) yang masih berlaku.</li>
<li>Pas foto resmi berlatar belakang merah (format paspor/rapi berdasi).</li>
<li>Surat Keterangan Bekerja / Surat Utusan Perusahaan (khusus peserta jalur utusan instansi yang menghendaki SKP langsung).</li>
<li>Surat Keterangan Sehat dari dokter.</li>
</ol>

<h2>Kapan Latar Belakang Teknik Diwajibkan?</h2>
<p>Latar belakang teknik hanya disyaratkan secara spesifik pada sertifikasi <strong>Ahli K3 Spesialis</strong>, seperti Ahli K3 Listrik (Teknik Elektro), Ahli K3 Pesawat Uap & Bejana Tekan (Teknik Mesin), atau Ahli Muda K3 Konstruksi (Teknik Sipil/Arsitektur). Sedangkan untuk Ahli K3 Umum, peran utama Anda adalah <em>manajemen risiko, hukum regulasi ketenagakerjaan, dan sistem keselamatan kerja</em> sehingga disiplin ilmu sosial dan bisnis justru sangat bernilai tambah dalam komunikasi HSE.</p>","Apakah lulusan SMA/SMK bisa ikut Ahli K3 Umum Kemnaker?","Untuk Ahli K3 Umum Kemnaker RI, syarat mutlak regulasi Permenaker 02/1992 adalah minimal D3. Lulusan SMA/SMK disarankan mengambil program Petugas K3, Operator K3, atau sertifikasi BNSP level pelaksana.","Apakah ijazah luar negeri bisa digunakan?","Bisa, asalkan ijazah telah melalui proses penyetaraan dari Kementerian Pendidikan, Kebudayaan, Riset, dan Teknologi (Kemendikbudristek) RI.","Bagaimana jika belum bekerja atau masih Fresh Graduate?","Fresh Graduate tetap bisa mengikuti pembinaan dan ujian. Kemnaker akan menerbitkan Sertifikat Pembinaan Calon Ahli K3 Umum, yang berlaku seumur hidup dan dapat langsung diajukan SKP begitu Anda diterima bekerja.","Wahana Totalita Konsultan",
"Berapa Lama Masa Berlaku Sertifikat Ahli K3 Umum & Prosedur Perpanjangan SKP",masa-berlaku-sertifikat-ahli-k3-umum-perpanjangan-skp,"Pahami perbedaan masa berlaku Sertifikat Ahli K3 Umum (seumur hidup) vs SKP dan Kartu Lisensi Kewenangan (3 tahun). Syarat dan cara perpanjangan resmi.","Masa Berlaku Sertifikat Ahli K3 Umum & Cara Perpanjangan SKP | Wahana Totalita","masa berlaku sertifikat ahli k3 umum, perpanjangan skp ahli k3 umum, cara perpanjang lisensi k3, masa aktif skp k3",K3,"<h2>Perbedaan Masa Berlaku: Sertifikat Kelulusan vs SKP & Lisensi K3</h2>
<p>Banyak pemegang sertifikat K3 bingung mengenai masa berlaku dokumen mereka. Dalam sistem Kementerian Ketenagakerjaan RI, terdapat 2 jenis dokumen berbeda dengan masa berlaku yang berbeda:</p>
<table>
<thead><tr><th>Jenis Dokumen</th><th>Lembaga Penerbit</th><th>Masa Berlaku</th><th>Keterangan Status</th></tr></thead>
<tbody>
<tr><td><strong>Sertifikat Pembinaan Ahli K3 Umum</strong></td><td>Kemnaker RI</td><td><strong>Seumur Hidup</strong></td><td>Bukti kelulusan kompetensi individu; tidak akan pernah hangus atau kedaluwarsa.</td></tr>
<tr><td><strong>Surat Keputusan Penunjukan (SKP)</strong></td><td>Direktur PNK3 Kemnaker</td><td><strong>3 (Tiga) Tahun</strong></td><td>Legalitas penunjukan Anda sebagai pengawas K3 di perusahaan tempat Anda bekerja saat ini.</td></tr>
<tr><td><strong>Kartu Lisensi Kewenangan K3</strong></td><td>Kemnaker RI</td><td><strong>3 (Tiga) Tahun</strong></td><td>Kartu identitas resmi kewenangan inspeksi di tempat kerja yang terikat dengan nama perusahaan.</td></tr>
</tbody>
</table>

<h2>Kapan SKP & Lisensi Ahli K3 Umum Harus Diperpanjang?</h2>
<p>SKP dan Lisensi Ahli K3 Umum wajib diajukan perpanjangan dalam 2 kondisi utama:</p>
<ol>
<li><strong>Masa aktif 3 tahun telah habis:</strong> Pengajuan perpanjangan sebaiknya dilakukan paling lambat 1 hingga 2 bulan sebelum tanggal kedaluwarsa dokumen agar operasional audit SMK3 perusahaan tidak terganggu.</li>
<li><strong>Mutasi atau Pindah Perusahaan:</strong> Karena SKP dan Lisensi mencantumkan nama perusahaan tempat bekerja, saat Anda berpindah ke perusahaan baru, SKP lama otomatis gugur dan wajib dilakukan penerbitan SKP baru (Mutasi Badan Usaha).</li>
</ol>

<h2>Syarat Dokumen Perpanjangan SKP Ahli K3 Umum</h2>
<p>Untuk memproses perpanjangan melalui PJK3 resmi Wahana Totalita Konsultan, siapkan berkas berikut:</p>
<ul>
<li>Scan Sertifikat Pembinaan Ahli K3 Umum asli.</li>
<li>Scan SKP dan Kartu Lisensi Ahli K3 Umum yang lama (asli).</li>
<li>Surat Permohonan Perpanjangan dari Direksi Perusahaan di atas kop surat bermaterai.</li>
<li>Surat Keterangan Penunjukan / Penugasan Ahli K3 dari manajemen perusahaan.</li>
<li>Laporan kegiatan K3 / rekapitulasi laporan triwulan P2K3 selama 3 tahun terakhir di perusahaan.</li>
<li>Pas foto terbaru latar belakang merah.</li>
</ul>

<h2>Konsekuensi Jika SKP Tidak Diperpanjang</h2>
<p>Jika perusahaan membiarkan SKP Ahli K3-nya mati, perusahaan tidak memiliki legal standing dalam struktur P2K3 (Panitia Pembina Keselamatan dan Kesehatan Kerja), yang dapat berakibat pada temuan mayor saat audit SMK3 PP 50/2012, audit ISO 45001, atau penilaian kualifikasi tender CSMS.</p>","Apakah harus mengulang pelatihan dari awal jika SKP sudah expired lama?","Tidak perlu. Sertifikat kelulusan Anda berlaku seumur hidup. Anda hanya perlu memproses administrasi perpanjangan SKP dan lisensi baru melalui PJK3 resmi tanpa mengulang kursus 12 hari.","Berapa lama proses penerbitan perpanjangan SKP Kemnaker?","Rata-rata proses di sistem Teman K3 Kemnaker membutuhkan waktu 14 hingga 30 hari kerja setelah dokumen lengkap diverifikasi.","Apakah Wahana Totalita melayani jasa perpanjangan SKP?","Ya, kami melayani pengurusan perpanjangan SKP, mutasi perusahaan, serta pergantian lisensi K3 Kemnaker untuk seluruh wilayah Indonesia.","Wahana Totalita Konsultan",
"Perbedaan Ahli K3 Umum vs Ahli K3 Spesialis: Mana yang Harus Diambil Dulu?",perbedaan-ahli-k3-umum-vs-ahli-k3-spesialis,"Panduan karir HSE: perbedaan ruang lingkup, dasar hukum, prospek gaji, dan urutan sertifikasi yang ideal antara Ahli K3 Umum dan Ahli K3 Spesialis.","Ahli K3 Umum vs Ahli K3 Spesialis: Mana yang Harus Diambil? | Wahana Totalita","ahli k3 umum vs spesialis, jenis ahli k3 kemnaker, macam macam sertifikasi k3, urutan sertifikasi k3",K3,"<h2>Mengenal Dua Kategori Besar Ahli K3 Kemnaker RI</h2>
<p>Bagi praktisi HSE pemula maupun HRD perusahaan, memilih antara <strong>Ahli K3 Umum (AK3U)</strong> atau <strong>Ahli K3 Spesialis</strong> sering kali membingungkan. Keduanya memiliki fungsi saling melengkapi namun dengan fokus dan kedalaman teknis yang berbeda.</p>

<h2>1. Karakteristik Ahli K3 Umum (AK3U)</h2>
<ul>
<li><strong>Ruang Lingkup:</strong> Generalis (menyeluruh). Menguasai dasar-dasar K3 mekanik, listrik, uap, kebakaran, konstruksi, lingkungan kerja, kesehatan kerja, dan kelembagaan P2K3.</li>
<li><strong>Fokus Utama:</strong> Pengelolaan sistem manajemen keselamatan kerja, penyusunan kebijakan K3 perusahaan, administrasi pelaporan kecelakaan, dan koordinasi dengan pengawas ketenagakerjaan pemerintah.</li>
<li><strong>Regulasi Wajib:</strong> Diwajibkan di setiap perusahaan yang mempekerjakan 100 orang atau memiliki risiko bahaya tinggi (Permenaker 02/1992).</li>
</ul>

<h2>2. Karakteristik Ahli K3 Spesialis</h2>
<ul>
<li><strong>Ruang Lingkup:</strong> Sangat teknis dan terfokus pada satu bidang hazard tertentu.</li>
<li><strong>Contoh Bidang Spesialis:</strong>
  <ul>
    <li><em>Ahli K3 Konstruksi:</em> Fokus pada stabilitas scaffolding, galian tanah, tower crane, dan RK3K proyek.</li>
    <li><em>Ahli K3 Listrik:</em> Fokus pada instalasi tegangan tinggi, grounding, PUIL 2011, dan inspeksi panel industri.</li>
    <li><em>Ahli K3 Kimia:</em> Fokus pada penanganan bahan B3, Nilai Ambang Batas (NAB), MSDS, dan instalasi kimia reaktif.</li>
    <li><em>Ahli K3 Kebakaran:</em> Fokus pada sistem hidran, sprinkler, fire protection pump, dan audit evakuasi gedung.</li>
  </ul>
</li>
<li><strong>Prasyarat:</strong> Umumnya membutuhkan latar belakang pendidikan teknik terkait dan pengalaman kerja teknis di bidang tersebut.</li>
</ul>

<h2>Mana yang Sebaiknya Diambil Terlebih Dahulu?</h2>
<p>Rekomendasi roadmap karir profesional HSE:</p>
<ol>
<li><strong>Tahap 1 (Fondasi): Ambil Ahli K3 Umum Terlebih Dahulu.</strong> AK3U adalah ""gerbang masuk"" dan syarat pondasi standar di bursa kerja HSE. Hampir 90% lowongan staf atau supervisor keselamatan kerja menuntut sertifikat AK3U sebagai syarat mutlak.</li>
<li><strong>Tahap 2 (Spesialisasi): Ambil Ahli K3 Spesialis Sesuai Industri Kerja Anda.</strong> Setelah bekerja di sektor spesifik (misalnya kontraktor sipil, pabrik petrokimia, atau pembangkit listrik), ambil sertifikasi spesialis terkait untuk melipatgandakan nilai tawar dan wewenang teknis Anda.</li>
</ol>","Apakah seorang Ahli K3 Spesialis harus punya sertifikat AK3U dulu?","Tidak wajib secara hukum, namun sangat disarankan. Memiliki AK3U terlebih dahulu memberikan pemahaman holistik tentang regulasi UU No. 1/1970 sebelum mendalami aspek teknis spesialis.","Apakah perusahaan wajib punya keduanya?","Ya, jika perusahaan memiliki risiko khusus. Misalnya pabrik kimia wajib memiliki Ahli K3 Umum untuk sekretaris P2K3 dan minimal 1 Ahli K3 Kimia untuk pengendalian instalasi bahan berbahaya.","Apakah gaji Ahli K3 Spesialis lebih tinggi dari AK3U?","Secara umum ya, karena kelangkaan keahlian teknis khusus (misalnya Ahli K3 Kimia atau Listrik tegangan tinggi) memiliki tingkat risiko dan tanggung jawab teknis yang sangat spesifik.","Wahana Totalita Konsultan",
"Syarat & Biaya Sertifikasi Ahli Muda K3 Konstruksi Kemnaker untuk Tender LPSE",syarat-biaya-ahli-muda-k3-konstruksi-tender-lpse,"Panduan lengkap sertifikasi Ahli Muda K3 Konstruksi Kemnaker RI: syarat dokumen, biaya pelatihan online, dan pemenuhan syarat personil manajerial tender LPSE.","Syarat & Biaya Ahli Muda K3 Konstruksi untuk Tender LPSE | Wahana Totalita","ahli muda k3 konstruksi lpse, syarat k3 konstruksi tender, biaya ahli k3 konstruksi kemnaker, pelatihan ahli muda k3 konstruksi",K3,"<h2>Mengapa Sertifikat Ahli K3 Konstruksi Wajib untuk Tender Proyek Pemerintah?</h2>
<p>Dalam pengadaan barang dan jasa pemerintah melalui portal LPSE (Lembaga Pengadaan Secara Elektronik), <strong>Petugas K3 Konstruksi atau Ahli Muda K3 Konstruksi</strong> merupakan salah satu syarat personil manajerial yang wajib dicantumkan dalam dokumen penawaran teknis. Kegagalan melampirkan sertifikat personil K3 yang valid berakibat langsung pada <strong>gugur evaluasi teknis tender</strong>.</p>

<h2>Dasar Hukum K3 Konstruksi di Indonesia</h2>
<p>Penerapan keselamatan konstruksi diatur ketat oleh:</p>
<ul>
<li><strong>Permen PUPR No. 10 Tahun 2021</strong> tentang Pedoman Sistem Manajemen Keselamatan Konstruksi (SMKK).</li>
<li><strong>Permenaker No. PER.01/MEN/1980</strong> tentang K3 pada Konstruksi Bangunan.</li>
<li><strong>Surat Edaran Menteri PUPR</strong> mengenai kualifikasi Ahli K3 Konstruksi berdasarkan nilai paket pekerjaan (Paket Kecil, Menengah, dan Besar).</li>
</ul>

<h2>Persyaratan Calon Peserta Ahli Muda K3 Konstruksi</h2>
<p>Untuk mengikuti pembinaan sertifikasi Kemnaker RI, peserta harus memenuhi syarat:</p>
<ul>
<li>Pendidikan minimal Sarjana Muda (D3) atau Sarjana (S1) Teknik Sipil, Arsitektur, atau jurusan teknik terkait lainnya.</li>
<li>Pengalaman kerja di proyek konstruksi minimal 2 tahun (S1) atau 3 tahun (D3).</li>
<li>Scan KTP, Ijazah, dan Transkrip Nilai.</li>
<li>Surat Keterangan Pengalaman Kerja di proyek konstruksi / Surat Rekomendasi Perusahaan.</li>
<li>Pas foto formal latar belakang merah.</li>
</ul>

<h2>Materi Pembinaan Ahli Muda K3 Konstruksi</h2>
<p>Kurikulum pembinaan mencakup kompetensi praktis lapangan:</p>
<ul>
<li>Penyusunan Rencana Keselamatan Konstruksi (RKK) dan Biaya Penerapan SMKK.</li>
<li>Identifikasi Bahaya, Penilaian Risiko, dan Peluang (IBPRP).</li>
<li>Keselamatan Pekerjaan Galian, Pondasi, dan Bekerja di Ketinggian.</li>
<li>Inspeksi Perancah (Scaffolding) dan Pengoperasian Alat Berat Proyek.</li>
<li>Tanggap Darurat dan Investigasi Kecelakaan Kerja di Lingkungan Konstruksi.</li>
</ul>

<h2>Estimasi Biaya dan Jadwal Pelatihan</h2>
<p>Pelatihan diselenggarakan secara <strong>Online (Blended Learning) via Zoom</strong> interaktif selama 6 hingga 7 hari kerja dengan biaya berkisar antara <strong>Rp 4.000.000 hingga Rp 5.500.000</strong> per peserta, sudah mencakup sertifikat resmi Kemnaker RI, SKP, dan lisensi kewenangan.</p>","Apakah sertifikat Ahli Muda K3 Konstruksi Kemnaker berlaku untuk tender LPSE?","Ya, sertifikat Kemnaker RI dan sertifikat kompetensi SKK dari LPJK/BNSP sama-sama diakui dan dapat diverifikasi dalam evaluasi tender pengadaan LPSE.","Apa perbedaan Ahli Muda K3 Konstruksi Kemnaker vs BNSP?","Sertifikat Kemnaker diterbitkan oleh Kementerian Ketenagakerjaan dengan SKP dan Lisensi resmi pengawas, sedangkan BNSP merupakan sertifikat kompetensi profesi yang terintegrasi dengan portal LPJK.","Apakah Wahana Totalita menyediakan bimbingan pembuatan RKK proyek?","Ya, alumni pelatihan kami dibekali template standar dokumen RKK dan panduan implementasi SMKK sesuai Permen PUPR 10/2021.","Wahana Totalita Konsultan",
"Cara Mendapatkan SIO & Lisensi K3 Operator Forklift Resmi Kemnaker RI",cara-mendapatkan-sio-lisensi-k3-operator-forklift-kemnaker,"Panduan resmi mendapatkan SIO (Surat Izin Operator) dan Lisensi K3 Operator Forklift Kelas 1 & 2 Kemnaker RI. Syarat, materi ujian, dan biaya pelatihan.","Cara Mendapatkan SIO & Lisensi K3 Operator Forklift | Wahana Totalita","sio forklift kemnaker, lisensi operator forklift, cara membuat sio forklift, pelatihan operator forklift resmi",K3,"<h2>Siapa yang Berwenang Menerbitkan SIO Forklift di Indonesia?</h2>
<p>Sesuai <strong>Permenaker No. 8 Tahun 2020</strong> tentang Keselamatan dan Kesehatan Kerja Pesawat Angkat dan Pesawat Angkut, Surat Izin Operator (SIO) dan Lisensi K3 Operator Forklift hanya diterbitkan secara sah oleh <strong>Kementerian Ketenagakerjaan RI</strong> melalui PJK3 resmi, bukan oleh lembaga kursus mengemudi swasta.</p>

<h2>Perbedaan Operator Forklift Kelas I vs Kelas II</h2>
<table>
<thead><tr><th>Kategori</th><th>Operator Forklift Kelas II</th><th>Operator Forklift Kelas I</th></tr></thead>
<tbody>
<tr><td><strong>Kapasitas Angkat Unit</strong></td><td>Maksimal 15 Ton</td><td>Di atas 15 Ton (Tanpa Batas Kapasitas)</td></tr>
<tr><td><strong>Syarat Pendidikan</strong></td><td>Minimal SMP / Sederajat</td><td>Minimal SMA / SMK Sederajat</td></tr>
<tr><td><strong>Pengalaman Kerja</strong></td><td>Minimal 1 Tahun</td><td>Minimal 2 Tahun di Kelas II</td></tr>
<tr><td><strong>Durasi Pelatihan</strong></td><td>3 Hari (30 Jam Pelajaran)</td><td>4 Hari (40 Jam Pelajaran)</td></tr>
</tbody>
</table>

<h2>Materi Pelatihan dan Uji Praktik</h2>
<p>Pelatihan mencakup teori perundang-undangan, stabilitas beban (segitiga stabilitas forklift), pemeriksaan harian (P2H), serta ujian manuver lintasan angka 8 dan pemindahan beban palet di rak gudang.</p>","Berapa lama masa berlaku Lisensi K3 Forklift?","Lisensi K3 dan Buku Kerja Operator Forklift berlaku selama 5 (lima) tahun dan wajib diperpanjang sebelum masa berlakunya berakhir.","Apakah bisa ikut pelatihan jika belum bisa mengemudikan forklift?","Pelatihan sertifikasi Kemnaker difokuskan pada aspek keselamatan kerja (K3) dan pengoperasian standar. Peserta disarankan sudah memiliki dasar kemampuan mengemudi unit.",,,"Wahana Totalita Konsultan",
"Standar K3 Scaffolding: Kualifikasi Teknisi & Checklist Inspeksi Perancah Proyek",standar-k3-scaffolding-kualifikasi-teknisi-inspeksi-perancah,"Pelajari standar K3 perancah scaffolding di proyek konstruksi: kualifikasi teknisi scaffolding, sistem penandaan Scafftag, dan prosedur inspeksi berkala.","Standar K3 Scaffolding: Kualifikasi Teknisi & Checklist Inspeksi | Wahana Totalita","k3 scaffolding, teknisi scaffolding kemnaker, inspeksi perancah, checklist scaffolding, scafftag hijau merah",K3,"<h2>Regulasi Keselamatan Perancah (Scaffolding) di Indonesia</h2>
<p>Pekerjaan perancah merupakan salah satu penyebab kecelakaan kerja fatal tertinggi di sektor konstruksi. Dasar hukum keselamatan perancah tertuang dalam <strong>Permenaker No. PER.01/MEN/1980</strong> dan Keputusan Bersama Menteri Tenaga Kerja dan Menteri PU No. KEP.174/MEN/1986.</p>

<h2>Tiga Jenis Sistem Tagging Scaffolding (Scafftag)</h2>
<ul>
<li><strong>Tag Hijau (Green Tag):</strong> Perancah aman digunakan penuh (complete) dan telah lulus inspeksi teknisi K3 perancah.</li>
<li><strong>Tag Kuning (Yellow Tag):</strong> Perancah aman dengan syarat khusus (misalnya wajib menggunakan full body harness 100% tie-off).</li>
<li><strong>Tag Merah (Red Tag):</strong> Perancah dalam proses perakitan, pembongkaran, atau rusak. Dilarang keras dinaiki oleh pekerja umum.</li>
</ul>

<h2>Kualifikasi Personel Scaffolding Kemnaker RI</h2>
<p>Kemnaker membagi jenjang personil menjadi <strong>Operator Scaffolding</strong> (pemasang/erector), <strong>Teknisi Scaffolding</strong>, dan <strong>Supervisi Scaffolding</strong> yang bertugas menandatangani sertifikat kelayakan pakai perancah sebelum digunakan crew kerja.</p>","Berapa hari sekali perancah wajib diinspeksi?","Perancah wajib diinspeksi sebelum penggunaan pertama, minimal seminggu sekali, serta segera setelah terjadi hujan lebat, gempa, atau badai angin kencang.","Berapa beban aman maksimal scaffolding tipe tubular?","Beban kerja aman tergantung pada tipe struktur: Light Duty (150 kg/m²), Medium Duty (225 kg/m²), dan Heavy Duty (300 kg/m²).",,,"Wahana Totalita Konsultan",
"Panduan Sertifikasi Ahli K3 Listrik & Teknisi K3 Listrik Sesuai Permenaker 12/2015",panduan-sertifikasi-ahli-k3-listrik-teknisi-k3-listrik-kemnaker,"Pelajari perbedaan Ahli K3 Listrik vs Teknisi K3 Listrik berdasarkan Permenaker No. 12/2015. Syarat, wewenang pemeriksaan instalasi, dan sertifikasi resmi.","Panduan Sertifikasi Ahli K3 Listrik & Teknisi Listrik | Wahana Totalita","ahli k3 listrik, teknisi k3 listrik, permenaker 12 2015, sertifikasi k3 listrik kemnaker, inspeksi instalasi listrik pabrik",K3,"<h2>Kewajiban Perusahaan dalam Keselamatan Listrik di Tempat Kerja</h2>
<p>Berdasarkan <strong>Permenaker No. 12 Tahun 2015</strong> tentang Keselamatan dan Kesehatan Kerja Listrik di Tempat Kerja, setiap perusahaan yang membangkitkan, mentransmisikan, mendistribusikan, atau memanfaatkan tenaga listrik dengan daya lebih dari 200 kVA wajib memiliki <strong>Ahli K3 Bidang Listrik</strong>.</p>

<h2>Perbedaan Ahli K3 Listrik vs Teknisi K3 Listrik</h2>
<table>
<thead><tr><th>Parameter</th><th>Teknisi K3 Listrik</th><th>Ahli K3 Listrik</th></tr></thead>
<tbody>
<tr><td><strong>Fokus Kerja</strong></td><td>Pemasangan, perbaikan, dan pemeliharaan operasional harian.</td><td>Perencanaan, inspeksi berkala, audit, dan pengujian instalasi listrik.</td></tr>
<tr><td><strong>Syarat Pendidikan</strong></td><td>Minimal SMK Teknik Listrik / D3 Teknik</td><td>Minimal D3 / S1 Teknik Elektro</td></tr>
<tr><td><strong>Kewenangan Legal</strong></td><td>Lisensi Teknisi K3 Listrik</td><td>SKP & Lisensi Ahli K3 Listrik Kemnaker RI</td></tr>
</tbody>
</table>

<h2>Penerapan Sistem Lockout Tagout (LOTO)</h2>
<p>Ahli dan Teknisi Listrik bertanggung jawab mengawasi penerapan prosedur isolasi energi berbahaya (LOTO) guna mencegah sengatan listrik fatal saat perbaikan mesin dan panel daya berlangsung.</p>","Apakah teknisi listrik wajib punya sertifikat Kemnaker?","Ya, Permenaker 12/2015 mewajibkan teknisi yang melakukan pemasangan dan pemeliharaan instalasi listrik memiliki lisensi Teknisi K3 Listrik resmi.","Berapa masa berlaku SKP Ahli K3 Listrik?","SKP Ahli K3 Listrik berlaku selama 3 (tiga) tahun dan lisensi teknisi berlaku selama 3 tahun, dapat diperpanjang di Kemnaker RI.",,,"Wahana Totalita Konsultan",
"Kewajiban Sertifikasi Teknisi Confined Space (Ruang Terbatas) & Standar Gas Testing",kewajiban-sertifikasi-teknisi-confined-space-ruang-terbatas,"Pelajari bahaya bekerja di ruang terbatas (confined space), syarat sertifikasi Petugas Utama & Madya Kemnaker RI, serta prosedur pengujian gas beracun.","Sertifikasi Teknisi Confined Space & Standar Gas Testing | Wahana Totalita","confined space kemnaker, teknisi ruang terbatas, petugas k3 confined space, izin masuk ruang terbatas, gas detector k3",K3,"<h2>Mengapa Bekerja di Ruang Terbatas (Confined Space) Mematikan?</h2>
<p>Ruang terbatas seperti tangki, bejana simpan, silo, gorong-gorong, dan terowongan memiliki sirkulasi udara terbatas dan potensi akumulasi gas beracun (H2S, CO) atau defisiensi oksigen (<19.5%). <strong>Keputusan Dirjen Binwasnaker No. KEP.113/DJPPK/IX/2006</strong> mewajibkan personel yang masuk dan mengawasi pekerjaan ini memiliki lisensi K3 resmi.</p>

<h2>Pembagian Peran Personel Confined Space</h2>
<ul>
<li><strong>Petugas Utama (Entrant):</strong> Pekerja yang telah tersertifikasi untuk memasuki ruang terbatas dan melaksanakan pekerjaan fisik di dalamnya.</li>
<li><strong>Petugas Madya (Attendant / Standby Person):</strong> Petugas yang berjaga di luar akses masuk, memantau kondisi entrant, dan mengoperasikan sistem blower serta tali penyelamat darurat.</li>
<li><strong>Ahli K3 Ruang Terbatas / Gas Tester:</strong> Petugas berwenang yang melakukan pengukuran kualitas atmosfer menggunakan 4-Gas Detector dan menandatangani izin kerja (Entry Permit).</li>
</ul>","Berapa kadar oksigen yang aman untuk bekerja di confined space?","Rentang kadar oksigen aman menurut standar K3 internasional dan nasional adalah antara 19.5% hingga 23.5%.","Berapa lama durasi pelatihan Confined Space Kemnaker?","Pelatihan Petugas Utama & Madya berlangsung selama 3 hingga 5 hari kerja termasuk praktik vertical rescue dan simulasi SCBA.",,,"Wahana Totalita Konsultan",
"Panduan Sertifikasi TKBT II & TKPK Kemnaker RI untuk Pekerja di Ketinggian",panduan-sertifikasi-tkbt-ii-tkpk-kemnaker-pekerja-ketinggian,"Pahami perbedaan Tenaga Kerja Bangunan Tinggi (TKBT II) vs Tenaga Kerja Pada Ketinggian (TKPK) tali akses. Syarat, regulasi Permenaker 09/2016, dan sertifikasi.","Sertifikasi TKBT II & TKPK Kemnaker RI untuk Pekerja Ketinggian | Wahana Totalita","tkbt ii kemnaker, tkpk tingkat 1, bekerja di ketinggian, sertifikasi rope access, permenaker 9 2016",K3,"<h2>Dasar Hukum Bekerja di Ketinggian (Permenaker 09/2016)</h2>
<p>Berdasarkan <strong>Permenaker No. 9 Tahun 2016</strong>, setiap pekerjaan yang dilakukan pada ketinggian minimal 1.8 meter dari lantai kerja atau berpotensi jatuh ke permukaan yang lebih rendah wajib menerapkan standar keselamatan bekerja di ketinggian.</p>

<h2>Perbedaan TKBT vs TKPK: Jalur Mana yang Tepat untuk Anda?</h2>
<table>
<thead><tr><th>Program Sertifikasi</th><th>Media Kerja Utama</th><th>Cocok Untuk Pekerjaan</th></tr></thead>
<tbody>
<tr><td><strong>TKBT Tingkat II</strong></td><td>Perancah, tangga, platform kerja sementara, manlift, gondola.</td><td>Pekerja konstruksi, teknisi MEP gedung, perawatan atap pabrik, instalasi lampu.</td></tr>
<tr><td><strong>TKPK Tingkat 1 (Rope Access)</strong></td><td>Sistem akses tali ganda (Working Line & Backup Line).</td><td>Pembersih kaca gedung tinggi (facade), pengecatan menara tower, inspeksi flare tip migas.</td></tr>
</tbody>
</table>

<h2>Alat Pelindung Jatuh Wajib (Fall Protection System)</h2>
<p>Pekerja wajib menggunakan Full Body Harness bersertifikasi EN/ANSI dengan double lanyard shock absorber, anchor point teruji minimal 15 kN, dan lifeline vertikal.</p>","Apakah sertifikat TKBT II bisa dipakai untuk kerja tali rope access?","Tidak. Untuk pekerjaan bergelantungan bebas menggunakan tali akses, pekerja wajib mengambil sertifikasi TKPK (Tenaga Kerja Pada Ketinggian).","Berapa masa berlaku lisensi TKBT Kemnaker?","Lisensi K3 TKBT berlaku selama 3 (tiga) tahun dan wajib diperpanjang di Kemnaker RI.",,,"Wahana Totalita Konsultan",
"Pelatihan Damkar Kelas D, C, B, A Kemnaker RI: Kualifikasi & Struktur Tim Darurat",pelatihan-damkar-kelas-d-c-b-a-kemnaker-kualifikasi,"Pahami jenjang pelatihan penanggulangan kebakaran Kemnaker RI: Petugas Peran Kebakaran (D), Regu (C), Koordinator (B), dan Ahli K3 Kebakaran (A).","Pelatihan Damkar Kelas D, C, B, A Kemnaker RI | Wahana Totalita","damkar kemnaker, petugas peran kebakaran kelas d, ahli k3 kebakaran, kepmenaker 186 1999",K3,"<h2>Dasar Hukum Penanggulangan Kebakaran (Kepmenaker No. 186/MEN/1999)</h2>
<p>Setiap tempat kerja dengan tingkat bahaya kebakaran ringan, sedang, maupun berat wajib membentuk <strong>Unit Penanggulangan Kebakaran</strong> dengan personil berlisensi resmi Kemnaker RI.</p>

<h2>Empat Jenjang Kualifikasi Damkar Kemnaker</h2>
<ul>
<li><strong>Kelas D (Petugas Peran Kebakaran):</strong> Baris pertahanan pertama; minimal 2 orang untuk setiap 20 orang tenaga kerja. Terampil menggunakan APAR dan evakuasi awal.</li>
<li><strong>Kelas C (Regu Penanggulangan Kebakaran):</strong> Bertugas menggelar selang hidran, mengoperasikan nozzle pemadam, dan melakukan search & rescue tingkat dasar.</li>
<li><strong>Kelas B (Koordinator Unit Kebakaran):</strong> Memimpin regu kebakaran dan menyusun Emergency Response Plan (ERP) gedung.</li>
<li><strong>Kelas A (Ahli K3 Spesialis Penanggulangan Kebakaran):</strong> Puncak kompetensi; berwenang mengaudit sistem sprinkler, alarm detektor, dan pompa hidran industri.</li>
</ul>","Berapa rasio minimal petugas Damkar Kelas D di pabrik?","Rasio minimal menurut Kepmenaker 186/1999 adalah sekurang-kurangnya 2 orang petugas Kelas D untuk setiap 20 orang tenaga kerja.","Apakah pelatihan Damkar ada simulasi api nyata?","Ya, pelatihan mencakup praktik pemadaman api menggunakan APAR (dry chemical & CO2) serta simulasi pemadaman hidran basah.",,,"Wahana Totalita Konsultan",
"Sertifikasi PPLB3 BNSP: Syarat, Skema Uji Kompetensi, & Tugas Pengawas Limbah B3",sertifikasi-pplb3-bnsp-syarat-uji-kompetensi-limbah-b3,"Panduan lengkap sertifikasi Penanggung Jawab Pengelolaan Limbah B3 (PPLB3) BNSP. Syarat portofolio, uji asesor, dan kepatuhan audit AMDAL / PROPER.","Sertifikasi PPLB3 BNSP: Syarat & Uji Kompetensi Pengawas Limbah B3 | Wahana Totalita","pplb3 bnsp, sertifikasi limbah b3, penanggung jawab pengelolaan limbah b3, pp 22 2021, proper klhk",Lingkungan,"<h2>Kewajiban Hukum Sertifikasi Pengelolaan Limbah B3 (PP No. 22 Tahun 2021)</h2>
<p>Berdasarkan <strong>PP No. 22 Tahun 2021</strong> tentang Penyelenggaraan Perlindungan dan Pengelolaan Lingkungan Hidup, setiap fasilitas penghasil, penyimpan, atau pengolah limbah B3 wajib memiliki penanggung jawab operasional yang tersertifikasi kompetensinya oleh <strong>BNSP</strong>.</p>

<h2>Unit Kompetensi Utama Skema PPLB3 BNSP</h2>
<ul>
<li>Mengidentifikasi sumber dan karakteristik limbah B3 di pabrik.</li>
<li>Menentukan fasilitas penyimpanan sementara (TPS Limbah B3) sesuai standar teknis.</li>
<li>Menyusun logbook dan neraca limbah B3 berkala untuk pelaporan Festronik KLHK.</li>
<li>Melakukan tanggap darurat tumpahan limbah B3 (Spill Kit Protocol).</li>
</ul>","Apa perbedaan PPLB3 dan OPLB3?","OPLB3 (Operator) ditujukan untuk pelaksana teknis lapangan TPS, sedangkan PPLB3 ditujukan untuk level penanggung jawab/pengawas lingkungan perusahaan.","Berapa masa berlaku sertifikat BNSP Lingkungan?","Sertifikat kompetensi BNSP berlaku selama 3 (tiga) tahun dan dapat diperpanjang melalui proses uji portofolio berkala.",,,"Wahana Totalita Konsultan",
"Kewajiban Sertifikasi PPPA & PPPU BNSP untuk Industri Manufaktur & Pabrik",kewajiban-sertifikasi-pppa-pppu-bnsp-industri-pabrik,"Pahami kewajiban memiliki personel bersertifikat PPPA (Pencemaran Air) dan PPPU (Pencemaran Udara) BNSP untuk lolos audit lingkungan dan kepatuhan PROPER.","Kewajiban Sertifikasi PPPA & PPPU BNSP Pabrik | Wahana Totalita","pppa bnsp, pppu bnsp, ipal pabrik, emisi cerobong pabrik, audit lingkungan proper",Lingkungan,"<h2>Mengapa Sertifikasi PPPA & PPPU Menjadi Syarat Mutlak Industri?</h2>
<p>Kementerian Lingkungan Hidup dan Kehutanan (KLHK) mensyaratkan personel operasional IPAL dan pemantau cerobong emisi memiliki sertifikasi kompetensi resmi. Hal ini tertuang dalam Peraturan Menteri LHK No. P.5/MENLHK/SETJEN/KUM.1/2/2018.</p>

<h2>1. PPPA (Penanggung Jawab Pengendalian Pencemaran Air)</h2>
<p>Bertanggung jawab memastikan Instalasi Pengolahan Air Limbah (IPAL) berjalan optimal dan kualitas efluen memenuhi Baku Mutu Air Limbah sebelum dibuang ke badan air.</p>

<h2>2. PPPU (Penanggung Jawab Pengendalian Pencemaran Udara)</h2>
<p>Bertanggung jawab atas efisiensi cerobong pembakaran, scrubber, cyclone filter, dan pemantauan CEMS berkala.</p>","Apakah 1 orang bisa memegang sertifikat PPPA dan PPPU sekaligus?","Bisa, jika orang tersebut memiliki pengalaman dan portofolio kerja nyata dalam pengelolaan air limbah dan pemantauan emisi udara.","Apakah pelatihan diselenggarakan secara daring?","Ya, pembekalan materi dan pra-asesmen dapat diikuti secara online via Zoom, dilanjutkan dengan wawancara asesmen kompetensi bersama Asesor LSP terlisensi BNSP.",,,"Wahana Totalita Konsultan",
"Cara Menjadi Lead Auditor ISO 45001:2018: Syarat, Silabus, & Peluang Karir HSE",cara-menjadi-lead-auditor-iso-45001-syarat-peluang-karir,"Panduan lengkap sertifikasi Lead Auditor ISO 45001:2018 CQI-IRCA: persyaratan peserta, materi ujian audit pihak ketiga, dan peluang karir auditor internasional.","Cara Menjadi Lead Auditor ISO 45001:2018: Syarat & Karir | Wahana Totalita","lead auditor iso 45001, kursus auditor iso 45001, irca iso 45001, sertifikasi lead auditor hse","System Management","<h2>Peran Bergengsi Lead Auditor ISO 45001:2018</h2>
<p>Lead Auditor ISO 45001 adalah jenjang kualifikasi tertinggi dalam audit sistem manajemen keselamatan kerja modern. Pemegang sertifikat ini berhak memimpin tim audit sertifikasi pihak ketiga (Certification Body) untuk perusahaan multinasional dan kontraktor migas.</p>

<h2>Silabus Pembelajaran 5 Hari Intensif</h2>
<ul>
<li>Pemahaman klausul High-Level Structure (HLS) ISO 45001:2018.</li>
<li>Teknik wawancara audit, sampling bukti obyektif, dan penilaian risiko kontekstual.</li>
<li>Penyusunan Laporan Ketidaksesuaian (Non-Conformity Report / NCR) Mayor & Minor.</li>
<li>Simulasi closing meeting dan audit plan komprehensif.</li>
</ul>","Apakah harus punya pengalaman audit sebelumnya untuk ikut pelatihan ini?","Disarankan peserta telah memiliki pemahaman dasar ISO 45001 atau pernah menjadi Internal Auditor agar dapat mengikuti materi simulasi secara optimal.","Apakah ujian Lead Auditor ISO 45001 sulit?","Ujian akhir menuntut pemikiran analitis berbasis skenario kasus audit nyata. Di Wahana Totalita, peserta dibimbing intensif dengan pembahasan bank soal resmi.",,,"Wahana Totalita Konsultan",
"Panduan CSMS (Contractor Safety Management System) untuk Lolos Pra-Kualifikasi Tender",panduan-csms-kontraktor-lolos-prakualifikasi-tender,"Pelajari 6 tahapan Contractor Safety Management System (CSMS): dokumen pra-kualifikasi, job risk assessment, audit lapangan, dan tips lulus score tender migas & tambang.","Panduan CSMS Kontraktor Lolos Pra-Kualifikasi Tender | Wahana Totalita","csms kontraktor, dokumen prakualifikasi csms, k3 kontraktor, cara lulus csms pertamina pln",K3,"<h2>Apa Itu CSMS dan Mengapa Kontraktor Wajib Memilikinya?</h2>
<p>Contractor Safety Management System (CSMS) adalah sistem evaluasi K3 yang diterapkan oleh perusahaan owner (seperti Pertamina, PLN, MIND ID, Chevron) untuk menilai kemampuan kontraktor dalam mengelola risiko pekerjaan sebelum kontrak diberikan.</p>

<h2>Enam Tahapan Kunci Siklus CSMS</h2>
<ol>
<li><strong>Tahap 1: Risk Assessment (Penilaian Risiko Pekerjaan)</strong></li>
<li><strong>Tahap 2: Pre-Qualification (Evaluasi Dokumen Dokumen & Sertifikat Personil K3)</strong></li>
<li><strong>Tahap 3: Selection (Penetapan Pemenang Tender)</strong></li>
<li><strong>Tahap 4: Pre-Job Activity (Kick-off Meeting & JSA Review)</strong></li>
<li><strong>Tahap 5: Work in Progress (Inspeksi & Audit Kinerja Lapangan)</strong></li>
<li><strong>Tahap 6: Final Evaluation (Pemberian Skor Rapor Kinerja K3 Kontraktor)</strong></li>
</ol>","Berapa passing grade nilai minimal CSMS yang umum disyaratkan?","Untuk pekerjaan risiko tinggi (High Risk), perusahaan owner umumnya menetapkan batas minimal kelulusan pra-kualifikasi skor 70% hingga 80%.","Apakah sertifikat CSMS berlaku untuk semua perusahaan owner?","Setiap owner memiliki kuesioner masing-masing, namun sistem dasarnya mengacu pada kerangka kerja IOGP standar sehingga dokumen pendukungnya serupa.",,,"Wahana Totalita Konsultan",
"Tugas & Tanggung Jawab Ahli K3 Umum di Perusahaan Sesuai Permenaker No. 2/1992",tugas-tanggung-jawab-ahli-k3-umum-perusahaan-permenaker-2-1992,"Rincian resmi tugas, kewajiban, dan hak istimewa Ahli K3 Umum di tempat kerja menurut UU No. 1/1970 dan Permenaker No. 2/1992. Wajib diketahui manajemen.","Tugas & Tanggung Jawab Ahli K3 Umum di Perusahaan | Wahana Totalita","tugas ahli k3 umum, wewenang ahli k3 permenaker 2 1992, fungsi sekretaris p2k3, peran hse officer",K3,"<h2>Wewenang Hukum Ahli K3 Umum di Tempat Kerja</h2>
<p>Ahli K3 Umum bukan sekadar petugas keamanan lapangan; mereka adalah <strong>perpanjangan tangan pengawas ketenagakerjaan pemerintah</strong> di lingkungan internal perusahaan yang ditunjuk langsung oleh Menteri Tenaga Kerja RI.</p>

<h2>Tugas Utama Berdasarkan Pasal 9 & 10 Permenaker No. 02/MEN/1992</h2>
<ul>
<li>Membantu pimpinan perusahaan menyusun dan menjalankan program pencegahan kecelakaan kerja dan penyakit akibat kerja (PAK).</li>
<li>Melakukan pemeriksaan dan pengujian berkala terhadap mesin, pesawat kerja, dan lingkungan kerja.</li>
<li>Menjabat sebagai <strong>Sekretaris P2K3</strong> (Panitia Pembina Keselamatan dan Kesehatan Kerja) dan menyusun laporan triwulan ke Disnaker setempat.</li>
<li>Memimpin investigasi kecelakaan kerja dan merumuskan tindakan pencegahan agar insiden tidak berulang.</li>
<li><strong>Hak Menghentikan Pekerjaan (Stop Work Authority):</strong> Berhak menghentikan aktivitas kerja yang dinilai berbahaya dan berpotensi menimbulkan kerugian jiwa seketika.</li>
</ul>","Apakah Ahli K3 Umum bisa dimintai pertanggungjawaban hukum jika terjadi kecelakaan?","Tanggung jawab hukum utama atas keselamatan kerja tetap berada di pundak Pengurus / Direksi Perusahaan. Ahli K3 Umum bertanggung jawab memberikan rekomendasi teknis pencegahan sesuai undang-undang.","Apakah perusahaan wajib membentuk P2K3?","Ya, setiap tempat kerja dengan minimal 100 orang pekerja atau di bawah 100 orang namun memiliki tingkat bahaya besar wajib membentuk struktur P2K3.",,,"Wahana Totalita Konsultan",
"Perbedaan POP, POM, dan POU Pertambangan BNSP: Jenjang Karir Pengawas Tambang",perbedaan-pop-pom-pou-pertambangan-bnsp-jenjang-karir,"Panduan jenjang karir pengawas tambang: perbedaan kualifikasi, syarat pengalaman, dan tanggung jawab hukum antara POP, POM, dan POU sesuai Kepmen ESDM 1827/2018.","Perbedaan POP, POM, POU Pertambangan BNSP | Wahana Totalita","pop pertambangan bnsp, pom pertambangan, pou pertambangan, pengawas operasional pertama, kepmen esdm 1827 2018",Mining,"<h2>Regulasi K3 Pertambangan (Kepmen ESDM No. 1827 K/30/MEM/2018)</h2>
<p>Kementerian Energi dan Sumber Daya Mineral (ESDM) mewajibkan setiap pengawas lapangan di sektor tambang mineral dan batubara memiliki sertifikat kompetensi pengawas operasional yang terdaftar di KaIT (Kepala Pelaksana Inspeksi Tambang).</p>

<h2>Tiga Jenjang Sertifikasi Pengawas Tambang BNSP</h2>
<table>
<thead><tr><th>Jenjang</th><th>Target Jabatan</th><th>Tanggung Jawab Utama</th></tr></thead>
<tbody>
<tr><td><strong>POP (Pengawas Operasional Pertama)</strong></td><td>Foreman, Group Leader, Supervisor Lapangan</td><td>Melakukan inspeksi harian front tambang, JSA lapangan, dan investigasi kecelakaan awal.</td></tr>
<tr><td><strong>POM (Pengawas Operasional Madya)</strong></td><td>Superintendent, Bagian Produksi, Section Head</td><td>Mengelola keselamatan lintas departemen dan mengevaluasi kinerja kontraktor tambang.</td></tr>
<tr><td><strong>POU (Pengawas Operasional Utama)</strong></td><td>KTT (Kepala Teknik Tambang), General Manager, Direktur</td><td>Penyusunan Sistem Manajemen Keselamatan Pertambangan (SMKP) menyeluruh perusahaan.</td></tr>
</tbody>
</table>","Apakah bisa langsung mengambil POM tanpa memiliki POP terlebih dahulu?","Tidak bisa. Sesuai regulasi ESDM, sertifikasi bersifat hierarkis dan pemohon wajib memiliki sertifikat POP serta pengalaman kerja pengawas madya sebelum naik jenjang.","Berapa lama masa berlaku sertifikat kompetensi pengawas tambang BNSP?","Sertifikat kompetensi berlaku selama 5 (lima) tahun dan dapat diperpanjang melalui proses perpanjangan di LSP Pertambangan.",,,"Wahana Totalita Konsultan",
"Standar K3 Rumah Sakit Sesuai Permenkes 66/2016 & Sertifikasi Petugas K3RS BNSP",standar-k3-rumah-sakit-permenkes-66-2016-sertifikasi-petugas-k3rs,"Pelajari manajemen K3 Fasilitas Pelayanan Kesehatan sesuai Permenkes No. 66 Tahun 2016. Bahaya nosokomial, limbah medis, dan uji sertifikasi Petugas K3RS BNSP.","Standar K3 Rumah Sakit & Sertifikasi Petugas K3RS BNSP | Wahana Totalita","k3 rumah sakit, permenkes 66 2016, petugas k3rs bnsp, akreditasi k3 rumah sakit, limbah infeksius medis",K3,"<h2>Tingginya Risiko Bahaya di Rumah Sakit & Fasilitas Kesehatan</h2>
<p>Rumah sakit memiliki karakteristik bahaya unik: pajanan agen biologis (virus, bakteri nosokomial), radiasi pengion (X-Ray, Radiologi), limbah sitotoksik/infeksius, gas medis, serta potensi kebakaran evakuasi pasien rawat inap. <strong>Permenkes No. 66 Tahun 2016</strong> mewajibkan pembentukan Komite/Instalasi K3RS di setiap rumah sakit.</p>

<h2>Program Wajib Keselamatan Pasien & Tenaga Kesehatan (K3RS)</h2>
<ul>
<li>Pengelolaan Bahan Berbahaya dan Beracun (B3) serta Limbah Medis B3 cair dan padat.</li>
<li>Pemberian APD khusus tenaga medis dan program surveilans kesehatan berkala.</li>
<li>Proteksi Kebakaran Gedung Rumah Sakit dan rencana evakuasi pasien kritis (Code Red).</li>
<li>Kesiapsiagaan menghadapi bencana massal internal dan eksternal (Hospital Disaster Plan).</li>
</ul>","Apakah Petugas K3RS wajib tersertifikasi untuk akreditasi rumah sakit?","Ya, dalam instrumen akreditasi KARS / STARKES, ketersediaan personil bersertifikat K3 Rumah Sakit merupakan poin penilaian penting dalam bab MFK (Manajemen Fasilitas dan Keselamatan).","Apakah dokter dan perawat bisa ikut pelatihan K3RS?","Sangat disarankan. Pelatihan terbuka untuk seluruh staf komite K3RS, dokter, perawat, apoteker, dan teknisi sanitasi rumah sakit.",,,"Wahana Totalita Konsultan",
"Panduan Sertifikasi Juru Las (Welder) Kelas 1, 2, 3 Kemnaker RI & Uji Cacat Las",panduan-sertifikasi-juru-las-welder-kelas-1-2-3-kemnaker,"Pelajari tingkatan juru las Kemnaker RI: perbedaan Kelas 3, Kelas 2, dan Kelas 1 berdasarkan Permenaker 02/1982. Prosedur uji NDT dan penerbitan buku las.","Sertifikasi Juru Las (Welder) Kelas 1, 2, 3 Kemnaker RI | Wahana Totalita","sertifikasi juru las kemnaker, welder kelas 1 2 3, permenaker 2 1982, uji tak merusak ndt pengelasan",K3,"<h2>Dasar Hukum Sertifikasi Juru Las (Permenaker No. 02/MEN/1982)</h2>
<p>Pengelasan pada bejana tekan, pipa bertekanan, boiler, dan tangki timbun wajib dikerjakan oleh <strong>Juru Las yang memiliki Sertifikat dan Buku Kerja resmi Kemnaker RI</strong> guna menjamin kekuatan struktural sambungan logam dari risiko ledakan.</p>

<h2>Tiga Tingkatan Kelas Juru Las Kemnaker</h2>
<table>
<thead><tr><th>Tingkatan</th><th>Posisi Pengelasan yang Diakui</th><th>Ruang Lingkup Pekerjaan</th></tr></thead>
<tbody>
<tr><td><strong>Kelas III</strong></td><td>Posisi 1G (Datar) dan 2G (Horizontal)</td><td>Pelat datar, struktur rangka non-kritis.</td></tr>
<tr><td><strong>Kelas II</strong></td><td>Posisi 1G, 2G, 3G (Vertikal), 4G (Overhead)</td><td>Pelat bertekanan, bejana sedang, pipa 1G & 2G.</td></tr>
<tr><td><strong>Kelas I</strong></td><td>Semua posisi pelat dan pipa (Termasuk 5G & 6G)</td><td>Pipa migas bertekanan tinggi, boiler pembangkit, instalasi kriogenik.</td></tr>
</tbody>
</table>","Bagaimana pengujian hasil las dilakukan dalam sertifikasi?","Spesimen las diuji melalui uji mekanik (Bending Test / Uji Lengkung) dan uji tak merusak (NDT seperti Radiography / X-Ray Test).","Berapa masa berlaku sertifikat dan buku kerja juru las?","Sertifikat juru las berlaku selama 3 (tiga) tahun dan wajib diperpanjang dengan bukti bahwa juru las aktif mengelas selama periode tersebut.",,,"Wahana Totalita Konsultan",
"Metode Investigasi Kecelakaan Kerja: Root Cause Analysis & SCAT Method di Tempat Kerja",metode-investigasi-kecelakaan-kerja-root-cause-analysis-scat,"Pelajari teknik investigasi kecelakaan kerja yang benar: pengamanan lokasi, wawancara saksi, diagram Fishbone, metode 5-Why, dan tabel SCAT DNV.","Metode Investigasi Kecelakaan Kerja (SCAT & RCA) | Wahana Totalita","investigasi kecelakaan kerja, root cause analysis k3, scat method, laporan insiden hse, near miss investigation",K3,"<h2>Tujuan Hakiki Investigasi Kecelakaan Kerja</h2>
<p>Tujuan utama investigasi kecelakaan <strong>BUKAN untuk mencari siapa yang bersalah (blaming culture)</strong>, melainkan untuk mengidentifikasi <em>akar penyebab (root cause)</em> dari kegagalan sistem agar insiden serupa tidak pernah terulang kembali di masa depan.</p>

<h2>Langkah-Langkah Sistematis Penanganan Insiden</h2>
<ol>
<li><strong>Tanggap Darurat & Pengamanan Area:</strong> Prioritaskan pertolongan medis korban, amankan lokasi kerja (barikade police line K3), dan pastikan tidak ada bahaya susulan.</li>
<li><strong>Pengumpulan Bukti Lapangan (4P Approach):</strong>
  <ul>
    <li><em>People:</em> Wawancara saksi mata langsung, korban (jika sadar), dan supervisor regu.</li>
    <li><em>Position:</em> Foto detail posisi korban, mesin, tumpahan, dan pecahan alat.</li>
    <li><em>Parts:</em> Amankan material yang patah, APD yang rusak, atau komponen yang aus.</li>
    <li><em>Paper:</em> Kumpulkan dokumen Izin Kerja (Permit to Work), JSA, absensi safety talk, dan manual operasi alat.</li>
  </ul>
</li>
<li><strong>Analisis Akar Masalah (Root Cause Analysis):</strong>
  <ul>
    <li>Metode 5-Why (Bertanya ""Mengapa"" lima kali berturut-turut).</li>
    <li>Diagram Tulang Ikan (Fishbone / Ishikawa Diagram).</li>
    <li>Metode SCAT (Systematic Cause Analysis Technique) untuk menelusuri kelemahan sistem manajemen.</li>
  </ul>
</li>
<li><strong>Tindakan Perbaikan & Pencegahan (CAPA):</strong> Rumuskan tindakan perbaikan konkret dengan penanggung jawab spesifik dan tenggat waktu (deadline).</li>
</ol>","Berapa batas waktu pelaporan kecelakaan kerja ke Disnaker?","Sesuai Permenaker No. 03/MEN/1998, pengurus perusahaan wajib melaporkan kecelakaan kerja secara tertulis ke Kantor Disnaker setempat dalam waktu maksimal 2 x 24 jam.","Apakah kejadian nyaris celaka (Near Miss) wajib diinvestigasi?","Ya, investigasi Near Miss adalah kunci pencegahan kecelakaan fatal sebelum terjadi korban jiwa.",,,"Wahana Totalita Konsultan",
